,edisgo_id
0,Charging_Point_LVGrid_109034_home_1
1,Charging_Point_LVGrid_109034_home_2
3,Charging_Point_LVGrid_109035_home_1
4,Charging_Point_LVGrid_109035_home_2
5,Charging_Point_LVGrid_109035_home_3
6,Charging_Point_LVGrid_109035_home_4
7,Charging_Point_LVGrid_109035_home_5
10,Charging_Point_LVGrid_109037_home_1
13,Charging_Point_LVGrid_109035_home_6
14,Charging_Point_LVGrid_109037_home_2
17,Charging_Point_LVGrid_109035_home_7
18,Charging_Point_LVGrid_109037_home_3
22,Charging_Point_LVGrid_109035_home_8
23,Charging_Point_LVGrid_109035_home_9
25,Charging_Point_LVGrid_109035_home_10
27,Charging_Point_LVGrid_109035_home_11
30,Charging_Point_LVGrid_109036_home_1
38,Charging_Point_LVGrid_109036_home_2
48,Charging_Point_LVGrid_109037_home_4
50,Charging_Point_LVGrid_109191_home_1
51,Charging_Point_LVGrid_109191_home_2
52,Charging_Point_LVGrid_109036_home_3
54,Charging_Point_LVGrid_109191_home_3
55,Charging_Point_LVGrid_109191_home_4
56,Charging_Point_LVGrid_109191_home_5
59,Charging_Point_LVGrid_109191_home_6
64,Charging_Point_LVGrid_109036_home_4
66,Charging_Point_LVGrid_109034_home_3
69,Charging_Point_LVGrid_109037_home_5
73,Charging_Point_LVGrid_109037_home_6
76,Charging_Point_LVGrid_109034_home_4
79,Charging_Point_LVGrid_109037_home_7
80,Charging_Point_LVGrid_109034_home_5
81,Charging_Point_LVGrid_109036_home_5
95,Charging_Point_LVGrid_109037_home_8
97,Charging_Point_LVGrid_97731_home_1
99,Charging_Point_LVGrid_97735_home_1
100,Charging_Point_LVGrid_97735_home_2
101,Charging_Point_LVGrid_97722_home_1
105,Charging_Point_LVGrid_97722_home_2
106,Charging_Point_LVGrid_97722_home_3
108,Charging_Point_LVGrid_97728_home_1
109,Charging_Point_LVGrid_97723_home_1
110,Charging_Point_LVGrid_97722_home_4
112,Charging_Point_LVGrid_97723_home_2
113,Charging_Point_LVGrid_97723_home_3
114,Charging_Point_LVGrid_97722_home_5
116,Charging_Point_LVGrid_97728_home_2
117,Charging_Point_LVGrid_97728_home_3
118,Charging_Point_LVGrid_97722_home_6
120,Charging_Point_LVGrid_97722_home_7
121,Charging_Point_LVGrid_97723_home_4
122,Charging_Point_LVGrid_97723_home_5
128,Charging_Point_LVGrid_97725_home_1
130,Charging_Point_LVGrid_97732_home_1
131,Charging_Point_LVGrid_97732_home_2
134,Charging_Point_LVGrid_97722_home_8
135,Charging_Point_LVGrid_97722_home_9
136,Charging_Point_LVGrid_97732_home_3
139,Charging_Point_LVGrid_97732_home_4
142,Charging_Point_LVGrid_97728_home_4
143,Charging_Point_LVGrid_97726_home_1
144,Charging_Point_LVGrid_97727_home_1
150,Charging_Point_LVGrid_97731_home_2
151,Charging_Point_LVGrid_97726_home_2
157,Charging_Point_LVGrid_97735_home_3
159,Charging_Point_LVGrid_97735_home_4
163,Charging_Point_LVGrid_97732_home_5
165,Charging_Point_LVGrid_97731_home_3
171,Charging_Point_LVGrid_97726_home_3
172,Charging_Point_LVGrid_97728_home_5
174,Charging_Point_LVGrid_97734_home_1
176,Charging_Point_LVGrid_97724_home_1
179,Charging_Point_LVGrid_97726_home_4
180,Charging_Point_LVGrid_97726_home_5
181,Charging_Point_LVGrid_97728_home_6
187,Charging_Point_LVGrid_97851_home_1
190,Charging_Point_LVGrid_97734_home_2
193,Charging_Point_LVGrid_99001_home_1
196,Charging_Point_LVGrid_97725_home_2
198,Charging_Point_LVGrid_98712_home_1
201,Charging_Point_LVGrid_98952_home_1
202,Charging_Point_LVGrid_97734_home_3
203,Charging_Point_LVGrid_97728_home_7
204,Charging_Point_LVGrid_97735_home_5
206,Charging_Point_LVGrid_97732_home_6
208,Charging_Point_LVGrid_98712_home_2
209,Charging_Point_LVGrid_97729_home_1
210,Charging_Point_LVGrid_99310_home_1
214,Charging_Point_LVGrid_97735_home_6
217,Charging_Point_LVGrid_97731_home_4
218,Charging_Point_LVGrid_97731_home_5
220,Charging_Point_LVGrid_98952_home_2
222,Charging_Point_LVGrid_97733_home_1
223,Charging_Point_LVGrid_97727_home_2
225,Charging_Point_LVGrid_97725_home_3
226,Charging_Point_LVGrid_98713_home_1
227,Charging_Point_LVGrid_97729_home_2
228,Charging_Point_LVGrid_97732_home_7
229,Charging_Point_LVGrid_97733_home_2
230,Charging_Point_LVGrid_98712_home_3
232,Charging_Point_LVGrid_97735_home_7
234,Charging_Point_LVGrid_97729_home_3
235,Charging_Point_LVGrid_97732_home_8
236,Charging_Point_LVGrid_97341_home_1
241,Charging_Point_LVGrid_97735_home_8
245,Charging_Point_LVGrid_97725_home_4
246,Charging_Point_LVGrid_98713_home_2
247,Charging_Point_LVGrid_97729_home_4
249,Charging_Point_LVGrid_97733_home_3
250,Charging_Point_LVGrid_98712_home_4
251,Charging_Point_LVGrid_97725_home_5
252,Charging_Point_LVGrid_97735_home_9
261,Charging_Point_LVGrid_97735_home_10
262,Charging_Point_LVGrid_97729_home_5
263,Charging_Point_LVGrid_97728_home_8
266,Charging_Point_LVGrid_97829_home_1
270,Charging_Point_LVGrid_99310_home_2
272,Charging_Point_LVGrid_97718_home_1
273,Charging_Point_LVGrid_97731_home_6
274,Charging_Point_LVGrid_97728_home_9
276,Charging_Point_LVGrid_99143_home_1
278,Charging_Point_LVGrid_99308_home_1
280,Charging_Point_LVGrid_97333_home_1
281,Charging_Point_LVGrid_97723_home_6
282,Charging_Point_LVGrid_97851_home_2
285,Charging_Point_LVGrid_504532_home_1
286,Charging_Point_LVGrid_99143_home_2
289,Charging_Point_LVGrid_97195_home_1
290,Charging_Point_LVGrid_97334_home_1
292,Charging_Point_LVGrid_97722_home_10
297,Charging_Point_LVGrid_97734_home_4
299,Charging_Point_LVGrid_99310_home_3
301,Charging_Point_LVGrid_97718_home_2
303,Charging_Point_LVGrid_97728_home_10
304,Charging_Point_LVGrid_97729_home_6
306,Charging_Point_LVGrid_97733_home_4
310,Charging_Point_LVGrid_97723_home_7
311,Charging_Point_LVGrid_97851_home_3
314,Charging_Point_LVGrid_504532_home_2
315,Charging_Point_LVGrid_99143_home_3
322,Charging_Point_LVGrid_97851_home_4
323,Charging_Point_LVGrid_97731_home_7
324,Charging_Point_LVGrid_99143_home_4
333,Charging_Point_LVGrid_97731_home_8
335,Charging_Point_LVGrid_97255_home_1
337,Charging_Point_LVGrid_98951_home_1
339,Charging_Point_LVGrid_97340_home_1
341,Charging_Point_LVGrid_97340_home_2
345,Charging_Point_LVGrid_99002_home_1
347,Charging_Point_LVGrid_97718_home_3
353,Charging_Point_LVGrid_99308_home_2
354,Charging_Point_LVGrid_99159_home_1
356,Charging_Point_LVGrid_97735_home_11
357,Charging_Point_LVGrid_98713_home_3
360,Charging_Point_LVGrid_97735_home_12
361,Charging_Point_LVGrid_97733_home_5
362,Charging_Point_LVGrid_97255_home_2
363,Charging_Point_LVGrid_98951_home_2
366,Charging_Point_LVGrid_97340_home_3
368,Charging_Point_LVGrid_97340_home_4
371,Charging_Point_LVGrid_99002_home_2
376,Charging_Point_LVGrid_97334_home_2
377,Charging_Point_LVGrid_97734_home_5
381,Charging_Point_LVGrid_99159_home_2
382,Charging_Point_LVGrid_97721_home_1
383,Charging_Point_LVGrid_97735_home_13
384,Charging_Point_LVGrid_98713_home_4
386,Charging_Point_LVGrid_98712_home_5
394,Charging_Point_LVGrid_97721_home_2
397,Charging_Point_LVGrid_98712_home_6
398,Charging_Point_LVGrid_97735_home_14
401,Charging_Point_LVGrid_97101_home_1
402,Charging_Point_LVGrid_439483_home_1
403,Charging_Point_LVGrid_97725_home_6
410,Charging_Point_LVGrid_97722_home_11
411,Charging_Point_LVGrid_99309_home_1
412,Charging_Point_LVGrid_99309_home_2
413,Charging_Point_LVGrid_99002_home_3
414,Charging_Point_LVGrid_97255_home_3
415,Charging_Point_LVGrid_99296_home_1
421,Charging_Point_LVGrid_97828_home_1
422,Charging_Point_LVGrid_97718_home_4
428,Charging_Point_LVGrid_97724_home_2
429,Charging_Point_LVGrid_97334_home_3
431,Charging_Point_LVGrid_97829_home_2
434,Charging_Point_LVGrid_97290_home_1
436,Charging_Point_LVGrid_97101_home_2
437,Charging_Point_LVGrid_439483_home_2
441,Charging_Point_LVGrid_97341_home_2
444,Charging_Point_LVGrid_97254_home_1
445,Charging_Point_LVGrid_97722_home_12
450,Charging_Point_LVGrid_99296_home_2
454,Charging_Point_LVGrid_99159_home_3
455,Charging_Point_LVGrid_97255_home_4
456,Charging_Point_LVGrid_97828_home_2
459,Charging_Point_LVGrid_97735_home_15
462,Charging_Point_LVGrid_97254_home_2
465,Charging_Point_LVGrid_99001_home_2
468,Charging_Point_LVGrid_99159_home_4
470,Charging_Point_LVGrid_97726_home_6
471,Charging_Point_LVGrid_99159_home_5
472,Charging_Point_LVGrid_97255_home_5
475,Charging_Point_LVGrid_97722_home_13
477,Charging_Point_LVGrid_99021_home_1
479,Charging_Point_LVGrid_97290_home_2
482,Charging_Point_LVGrid_99002_home_4
484,Charging_Point_LVGrid_97255_home_6
489,Charging_Point_LVGrid_97221_home_1
492,Charging_Point_LVGrid_97828_home_3
493,Charging_Point_LVGrid_97721_home_3
500,Charging_Point_LVGrid_97720_home_1
501,Charging_Point_LVGrid_97718_home_5
503,Charging_Point_LVGrid_98952_home_3
504,Charging_Point_LVGrid_97340_home_5
508,Charging_Point_LVGrid_99021_home_2
509,Charging_Point_LVGrid_97721_home_4
510,Charging_Point_LVGrid_98952_home_4
513,Charging_Point_LVGrid_97290_home_3
514,Charging_Point_LVGrid_97333_home_2
518,Charging_Point_LVGrid_98951_home_3
519,Charging_Point_LVGrid_97725_home_7
520,Charging_Point_LVGrid_98951_home_4
524,Charging_Point_LVGrid_440502_home_1
533,Charging_Point_LVGrid_98952_home_5
538,Charging_Point_LVGrid_97290_home_4
541,Charging_Point_LVGrid_97876_home_1
546,Charging_Point_LVGrid_98712_home_7
548,Charging_Point_LVGrid_99159_home_6
549,Charging_Point_LVGrid_97101_home_3
555,Charging_Point_LVGrid_97221_home_2
556,Charging_Point_LVGrid_99296_home_3
559,Charging_Point_LVGrid_97290_home_5
561,Charging_Point_LVGrid_97733_home_6
562,Charging_Point_LVGrid_97290_home_6
565,Charging_Point_LVGrid_97254_home_3
569,Charging_Point_LVGrid_99309_home_3
574,Charging_Point_LVGrid_97727_home_3
575,Charging_Point_LVGrid_97828_home_4
576,Charging_Point_LVGrid_97721_home_5
578,Charging_Point_LVGrid_97851_home_5
581,Charging_Point_LVGrid_97829_home_3
588,Charging_Point_LVGrid_97731_home_9
590,Charging_Point_LVGrid_97290_home_7
593,Charging_Point_LVGrid_98952_home_6
595,Charging_Point_LVGrid_97718_home_6
596,Charging_Point_LVGrid_97290_home_8
597,Charging_Point_LVGrid_97333_home_3
600,Charging_Point_LVGrid_97828_home_5
606,Charging_Point_LVGrid_98952_home_7
608,Charging_Point_LVGrid_99002_home_5
609,Charging_Point_LVGrid_98712_home_8
612,Charging_Point_LVGrid_97725_home_8
613,Charging_Point_LVGrid_99002_home_6
619,Charging_Point_LVGrid_98713_home_5
620,Charging_Point_LVGrid_97290_home_9
621,Charging_Point_LVGrid_97290_home_10
622,Charging_Point_LVGrid_97733_home_7
624,Charging_Point_LVGrid_97876_home_2
626,Charging_Point_LVGrid_97828_home_6
629,Charging_Point_LVGrid_98712_home_9
633,Charging_Point_LVGrid_99309_home_4
634,Charging_Point_LVGrid_98952_home_8
635,Charging_Point_LVGrid_97730_home_1
636,Charging_Point_LVGrid_97722_home_14
637,Charging_Point_LVGrid_97732_home_9
641,Charging_Point_LVGrid_97721_home_6
642,Charging_Point_LVGrid_97290_home_11
643,Charging_Point_LVGrid_97333_home_4
645,Charging_Point_LVGrid_97290_home_12
647,Charging_Point_LVGrid_98951_home_5
649,Charging_Point_LVGrid_97732_home_10
654,Charging_Point_LVGrid_97718_home_7
655,Charging_Point_LVGrid_97721_home_7
656,Charging_Point_LVGrid_98952_home_9
658,Charging_Point_LVGrid_99002_home_7
664,Charging_Point_LVGrid_97876_home_3
665,Charging_Point_LVGrid_97729_home_7
668,Charging_Point_LVGrid_98952_home_10
670,Charging_Point_LVGrid_99159_home_7
671,Charging_Point_LVGrid_99309_home_5
679,Charging_Point_LVGrid_97851_home_6
681,Charging_Point_LVGrid_97726_home_7
683,Charging_Point_LVGrid_97221_home_3
684,Charging_Point_LVGrid_97725_home_9
686,Charging_Point_LVGrid_97733_home_8
688,Charging_Point_LVGrid_99001_home_3
689,Charging_Point_LVGrid_99002_home_8
690,Charging_Point_LVGrid_99002_home_9
694,Charging_Point_LVGrid_97717_home_1
696,Charging_Point_LVGrid_98713_home_6
697,Charging_Point_LVGrid_97341_home_3
705,Charging_Point_LVGrid_97733_home_9
707,Charging_Point_LVGrid_97334_home_4
711,Charging_Point_LVGrid_97733_home_10
714,Charging_Point_LVGrid_97734_home_6
717,Charging_Point_LVGrid_97731_home_10
723,Charging_Point_LVGrid_97733_home_11
724,Charging_Point_LVGrid_99143_home_5
726,Charging_Point_LVGrid_99002_home_10
727,Charging_Point_LVGrid_99002_home_11
729,Charging_Point_LVGrid_97726_home_8
730,Charging_Point_LVGrid_97255_home_7
737,Charging_Point_LVGrid_97729_home_8
739,Charging_Point_LVGrid_97727_home_4
740,Charging_Point_LVGrid_97720_home_2
743,Charging_Point_LVGrid_97253_home_1
748,Charging_Point_LVGrid_99144_home_1
749,Charging_Point_LVGrid_97726_home_9
753,Charging_Point_LVGrid_97726_home_10
754,Charging_Point_LVGrid_97733_home_12
756,Charging_Point_LVGrid_97733_home_13
757,Charging_Point_LVGrid_97733_home_14
758,Charging_Point_LVGrid_97727_home_5
760,Charging_Point_LVGrid_97340_home_6
765,Charging_Point_LVGrid_97255_home_8
766,Charging_Point_LVGrid_102248_home_1
767,Charging_Point_LVGrid_102248_home_2
769,Charging_Point_LVGrid_102248_home_3
770,Charging_Point_LVGrid_102248_home_4
776,Charging_Point_LVGrid_102249_home_1
778,Charging_Point_LVGrid_102249_home_2
780,Charging_Point_LVGrid_102785_home_1
784,Charging_Point_LVGrid_502473_home_1
788,Charging_Point_LVGrid_506736_home_1
797,Charging_Point_LVGrid_102249_home_3
799,Charging_Point_LVGrid_102250_home_1
800,Charging_Point_LVGrid_102319_home_1
801,Charging_Point_LVGrid_102319_home_2
812,Charging_Point_LVGrid_102785_home_2
815,Charging_Point_LVGrid_103093_home_1
829,Charging_Point_LVGrid_102249_home_4
830,Charging_Point_LVGrid_102242_home_1
834,Charging_Point_LVGrid_102242_home_2
837,Charging_Point_LVGrid_102249_home_5
838,Charging_Point_LVGrid_102242_home_3
841,Charging_Point_LVGrid_102243_home_1
842,Charging_Point_LVGrid_102242_home_4
851,Charging_Point_LVGrid_102250_home_2
856,Charging_Point_LVGrid_103068_home_1
863,Charging_Point_LVGrid_103068_home_2
866,Charging_Point_LVGrid_506736_home_2
869,Charging_Point_LVGrid_102243_home_2
870,Charging_Point_LVGrid_102723_home_1
876,Charging_Point_LVGrid_102249_home_6
877,Charging_Point_LVGrid_103068_home_3
878,Charging_Point_LVGrid_102242_home_5
881,Charging_Point_LVGrid_506626_home_1
882,Charging_Point_LVGrid_102319_home_3
885,Charging_Point_LVGrid_103093_home_2
889,Charging_Point_LVGrid_502473_home_2
892,Charging_Point_LVGrid_439680_home_1
898,Charging_Point_LVGrid_506736_home_3
900,Charging_Point_LVGrid_102250_home_3
902,Charging_Point_LVGrid_102723_home_2
909,Charging_Point_LVGrid_103068_home_4
914,Charging_Point_LVGrid_103068_home_5
915,Charging_Point_LVGrid_103068_home_6
918,Charging_Point_LVGrid_102249_home_7
921,Charging_Point_LVGrid_102250_home_4
922,Charging_Point_LVGrid_103093_home_3
923,Charging_Point_LVGrid_502473_home_3
925,Charging_Point_LVGrid_102319_home_4
927,Charging_Point_LVGrid_102319_home_5
929,Charging_Point_LVGrid_102248_home_5
937,Charging_Point_LVGrid_102785_home_3
942,Charging_Point_LVGrid_102248_home_6
944,Charging_Point_LVGrid_102937_home_1
950,Charging_Point_LVGrid_102785_home_4
951,Charging_Point_LVGrid_102248_home_7
962,Charging_Point_LVGrid_103068_home_7
963,Charging_Point_LVGrid_98277_home_1
967,Charging_Point_LVGrid_98280_home_1
969,Charging_Point_LVGrid_98280_home_2
970,Charging_Point_LVGrid_98278_home_1
971,Charging_Point_LVGrid_98280_home_3
972,Charging_Point_LVGrid_98280_home_4
975,Charging_Point_LVGrid_98278_home_2
977,Charging_Point_LVGrid_98279_home_1
982,Charging_Point_LVGrid_98279_home_2
983,Charging_Point_LVGrid_98276_home_1
984,Charging_Point_LVGrid_440438_home_1
986,Charging_Point_LVGrid_98279_home_3
989,Charging_Point_LVGrid_98279_home_4
993,Charging_Point_LVGrid_98280_home_5
994,Charging_Point_LVGrid_440438_home_2
995,Charging_Point_LVGrid_98279_home_5
999,Charging_Point_LVGrid_98279_home_6
1000,Charging_Point_LVGrid_440438_home_3
1001,Charging_Point_LVGrid_440438_home_4
1002,Charging_Point_LVGrid_97905_home_1
1004,Charging_Point_LVGrid_98279_home_7
1005,Charging_Point_LVGrid_109130_home_1
1007,Charging_Point_LVGrid_97905_home_2
1009,Charging_Point_LVGrid_98279_home_8
1010,Charging_Point_LVGrid_109130_home_2
1011,Charging_Point_LVGrid_109684_home_1
1012,Charging_Point_LVGrid_98279_home_9
1014,Charging_Point_LVGrid_97768_home_1
1015,Charging_Point_LVGrid_97768_home_2
1027,Charging_Point_LVGrid_98280_home_6
1028,Charging_Point_LVGrid_98279_home_10
1031,Charging_Point_LVGrid_98280_home_7
1036,Charging_Point_LVGrid_98278_home_3
1038,Charging_Point_LVGrid_98278_home_4
1042,Charging_Point_LVGrid_440438_home_5
1047,Charging_Point_LVGrid_98278_home_5
1049,Charging_Point_LVGrid_98278_home_6
1053,Charging_Point_LVGrid_98278_home_7
1054,Charging_Point_LVGrid_98278_home_8
1055,Charging_Point_LVGrid_98280_home_8
1057,Charging_Point_LVGrid_109131_home_1
1058,Charging_Point_LVGrid_109131_home_2
1060,Charging_Point_LVGrid_440438_home_6
1065,Charging_Point_LVGrid_98278_home_9
1067,Charging_Point_LVGrid_109684_home_2
1070,Charging_Point_LVGrid_109130_home_3
1071,Charging_Point_LVGrid_97906_home_1
1075,Charging_Point_LVGrid_98277_home_2
1076,Charging_Point_LVGrid_98278_home_10
1077,Charging_Point_LVGrid_98278_home_11
1078,Charging_Point_LVGrid_98280_home_9
1082,Charging_Point_LVGrid_440542_home_1
1083,Charging_Point_LVGrid_440438_home_7
1086,Charging_Point_LVGrid_97905_home_3
1089,Charging_Point_LVGrid_98279_home_11
1090,Charging_Point_LVGrid_109684_home_3
1093,Charging_Point_LVGrid_109130_home_4
1095,Charging_Point_LVGrid_97906_home_2
1096,Charging_Point_LVGrid_98279_home_12
1098,Charging_Point_LVGrid_98277_home_3
1102,Charging_Point_LVGrid_97906_home_3
1106,Charging_Point_LVGrid_98279_home_13
1108,Charging_Point_LVGrid_109130_home_5
1111,Charging_Point_LVGrid_109131_home_3
1112,Charging_Point_LVGrid_98278_home_12
1113,Charging_Point_LVGrid_97906_home_4
1115,Charging_Point_LVGrid_98276_home_2
1119,Charging_Point_LVGrid_109131_home_4
1120,Charging_Point_LVGrid_98278_home_13
1122,Charging_Point_LVGrid_97768_home_3
1129,Charging_Point_LVGrid_440438_home_8
1130,Charging_Point_LVGrid_102177_home_1
1131,Charging_Point_LVGrid_102177_home_2
1132,Charging_Point_LVGrid_102578_home_1
1139,Charging_Point_LVGrid_102177_home_3
1141,Charging_Point_LVGrid_102576_home_1
1142,Charging_Point_LVGrid_440493_home_1
1144,Charging_Point_LVGrid_102576_home_2
1147,Charging_Point_LVGrid_102178_home_1
1149,Charging_Point_LVGrid_440493_home_2
1152,Charging_Point_LVGrid_102178_home_2
1154,Charging_Point_LVGrid_440493_home_3
1156,Charging_Point_LVGrid_102577_home_1
1157,Charging_Point_LVGrid_102577_home_2
1161,Charging_Point_LVGrid_102577_home_3
1166,Charging_Point_LVGrid_102577_home_4
1169,Charging_Point_LVGrid_102577_home_5
1172,Charging_Point_LVGrid_102578_home_2
1175,Charging_Point_LVGrid_102177_home_4
1177,Charging_Point_LVGrid_102578_home_3
1179,Charging_Point_LVGrid_102576_home_3
1182,Charging_Point_LVGrid_102177_home_5
1183,Charging_Point_LVGrid_97976_home_1
1185,Charging_Point_LVGrid_97239_home_1
1187,Charging_Point_LVGrid_102177_home_6
1190,Charging_Point_LVGrid_102178_home_3
1195,Charging_Point_LVGrid_102177_home_7
1197,Charging_Point_LVGrid_102579_home_1
1201,Charging_Point_LVGrid_102178_home_4
1202,Charging_Point_LVGrid_97976_home_2
1206,Charging_Point_LVGrid_102178_home_5
1207,Charging_Point_LVGrid_102577_home_6
1210,Charging_Point_LVGrid_102176_home_1
1217,Charging_Point_LVGrid_102178_home_6
1218,Charging_Point_LVGrid_102577_home_7
1223,Charging_Point_LVGrid_102576_home_4
1227,Charging_Point_LVGrid_102579_home_2
1228,Charging_Point_LVGrid_102576_home_5
1230,Charging_Point_LVGrid_102176_home_2
1231,Charging_Point_LVGrid_102579_home_3
1239,Charging_Point_LVGrid_440493_home_4
1242,Charging_Point_LVGrid_97976_home_3
1244,Charging_Point_LVGrid_102773_home_1
1251,Charging_Point_LVGrid_102659_home_1
1253,Charging_Point_LVGrid_102177_home_8
1254,Charging_Point_LVGrid_440493_home_5
1255,Charging_Point_LVGrid_440493_home_6
1257,Charging_Point_LVGrid_102178_home_7
1261,Charging_Point_LVGrid_102178_home_8
1263,Charging_Point_LVGrid_102578_home_4
1267,Charging_Point_LVGrid_102659_home_2
1269,Charging_Point_LVGrid_102177_home_9
1275,Charging_Point_LVGrid_102577_home_8
1277,Charging_Point_LVGrid_102576_home_6
1278,Charging_Point_LVGrid_440892_home_1
1279,Charging_Point_LVGrid_97239_home_2
1281,Charging_Point_LVGrid_102177_home_10
1282,Charging_Point_LVGrid_102178_home_9
1286,Charging_Point_LVGrid_440493_home_7
1287,Charging_Point_LVGrid_440493_home_8
1289,Charging_Point_LVGrid_102178_home_10
1291,Charging_Point_LVGrid_102176_home_3
1292,Charging_Point_LVGrid_102579_home_4
1293,Charging_Point_LVGrid_102178_home_11
1294,Charging_Point_LVGrid_102577_home_9
1299,Charging_Point_LVGrid_102659_home_3
1300,Charging_Point_LVGrid_441037_home_1
1301,Charging_Point_LVGrid_102177_home_11
1306,Charging_Point_LVGrid_102178_home_12
1308,Charging_Point_LVGrid_102578_home_5
1311,Charging_Point_LVGrid_102176_home_4
1312,Charging_Point_LVGrid_102178_home_13
1319,Charging_Point_LVGrid_102176_home_5
1320,Charging_Point_LVGrid_102659_home_4
1321,Charging_Point_LVGrid_440892_home_2
1323,Charging_Point_LVGrid_102176_home_6
1324,Charging_Point_LVGrid_102773_home_2
1326,Charging_Point_LVGrid_102578_home_6
1331,Charging_Point_LVGrid_102178_home_14
1332,Charging_Point_LVGrid_102659_home_5
1333,Charging_Point_LVGrid_102176_home_7
1334,Charging_Point_LVGrid_102773_home_3
1337,Charging_Point_LVGrid_102177_home_12
1338,Charging_Point_LVGrid_102576_home_7
1344,Charging_Point_LVGrid_102578_home_7
1345,Charging_Point_LVGrid_440493_home_9
1348,Charging_Point_MVGrid_1056_hpc_1
1349,Charging_Point_LVGrid_97340_hpc_7
1350,Charging_Point_MVGrid_1056_hpc_2
1351,Charging_Point_MVGrid_1056_hpc_3
1353,Charging_Point_LVGrid_102248_hpc_8
1354,Charging_Point_MVGrid_1056_hpc_4
1356,Charging_Point_LVGrid_440542_hpc_2
1358,Charging_Point_LVGrid_97768_hpc_4
1360,Charging_Point_LVGrid_97976_hpc_4
1362,Charging_Point_LVGrid_109037_public_9
1363,Charging_Point_LVGrid_109033_public_1
1364,Charging_Point_LVGrid_109191_public_7
1365,Charging_Point_LVGrid_109035_public_12
1367,Charging_Point_LVGrid_109034_public_6
1368,Charging_Point_LVGrid_109035_public_13
1369,Charging_Point_LVGrid_109034_public_7
1370,Charging_Point_LVGrid_109033_public_2
1371,Charging_Point_LVGrid_109033_public_3
1373,Charging_Point_LVGrid_97723_public_8
1374,Charging_Point_LVGrid_97720_public_3
1375,Charging_Point_LVGrid_97722_public_15
1376,Charging_Point_LVGrid_97726_public_11
1377,Charging_Point_LVGrid_97720_public_4
1378,Charging_Point_LVGrid_97717_public_2
1379,Charging_Point_LVGrid_97733_public_15
1380,Charging_Point_LVGrid_97726_public_12
1381,Charging_Point_LVGrid_97726_public_13
1382,Charging_Point_LVGrid_97726_public_14
1383,Charging_Point_LVGrid_97726_public_15
1384,Charging_Point_LVGrid_97719_public_1
1385,Charging_Point_LVGrid_97719_public_2
1386,Charging_Point_LVGrid_97730_public_2
1387,Charging_Point_LVGrid_97725_public_10
1388,Charging_Point_LVGrid_97722_public_16
1389,Charging_Point_LVGrid_97717_public_3
1390,Charging_Point_LVGrid_97722_public_17
1391,Charging_Point_LVGrid_97723_public_9
1392,Charging_Point_LVGrid_97722_public_18
1393,Charging_Point_LVGrid_97723_public_10
1394,Charging_Point_LVGrid_97723_public_11
1395,Charging_Point_LVGrid_97723_public_12
1396,Charging_Point_LVGrid_97729_public_9
1397,Charging_Point_LVGrid_97717_public_4
1398,Charging_Point_LVGrid_97725_public_11
1399,Charging_Point_LVGrid_97726_public_16
1400,Charging_Point_LVGrid_97717_public_5
1401,Charging_Point_LVGrid_97717_public_6
1402,Charging_Point_LVGrid_97726_public_17
1403,Charging_Point_LVGrid_97726_public_18
1404,Charging_Point_LVGrid_97727_public_6
1405,Charging_Point_LVGrid_440345_public_1
1406,Charging_Point_LVGrid_97717_public_7
1407,Charging_Point_LVGrid_97724_public_3
1408,Charging_Point_LVGrid_97722_public_19
1409,Charging_Point_LVGrid_440345_public_2
1410,Charging_Point_LVGrid_97730_public_3
1411,Charging_Point_LVGrid_97731_public_11
1412,Charging_Point_LVGrid_97730_public_4
1414,Charging_Point_LVGrid_98951_public_6
1415,Charging_Point_LVGrid_99310_public_4
1416,Charging_Point_LVGrid_97722_public_20
1417,Charging_Point_LVGrid_97725_public_12
1418,Charging_Point_LVGrid_97723_public_13
1420,Charging_Point_LVGrid_97724_public_4
1422,Charging_Point_LVGrid_97732_public_11
1423,Charging_Point_LVGrid_487647_public_1
1424,Charging_Point_LVGrid_97727_public_7
1425,Charging_Point_LVGrid_97717_public_8
1426,Charging_Point_LVGrid_99308_public_3
1427,Charging_Point_LVGrid_98951_public_7
1428,Charging_Point_LVGrid_439676_public_1
1429,Charging_Point_LVGrid_98951_public_8
1430,Charging_Point_LVGrid_97340_public_8
1431,Charging_Point_LVGrid_98952_public_11
1432,Charging_Point_LVGrid_97730_public_5
1433,Charging_Point_LVGrid_97730_public_6
1435,Charging_Point_LVGrid_99143_public_6
1436,Charging_Point_LVGrid_97717_public_9
1438,Charging_Point_LVGrid_97717_public_10
1439,Charging_Point_LVGrid_99144_public_2
1440,Charging_Point_LVGrid_97334_public_5
1441,Charging_Point_LVGrid_97717_public_11
1442,Charging_Point_LVGrid_97723_public_14
1443,Charging_Point_LVGrid_97723_public_15
1444,Charging_Point_LVGrid_99159_public_8
1445,Charging_Point_LVGrid_97722_public_21
1446,Charging_Point_LVGrid_97290_public_13
1447,Charging_Point_LVGrid_97851_public_7
1448,Charging_Point_LVGrid_97952_public_1
1449,Charging_Point_LVGrid_98951_public_9
1450,Charging_Point_LVGrid_98951_public_10
1451,Charging_Point_LVGrid_97735_public_16
1452,Charging_Point_LVGrid_97851_public_8
1453,Charging_Point_LVGrid_97255_public_9
1455,Charging_Point_LVGrid_97290_public_14
1456,Charging_Point_LVGrid_97732_public_12
1458,Charging_Point_LVGrid_97101_public_4
1461,Charging_Point_LVGrid_487647_public_2
1462,Charging_Point_LVGrid_97851_public_9
1463,Charging_Point_LVGrid_97290_public_15
1466,Charging_Point_LVGrid_440526_public_1
1468,Charging_Point_LVGrid_99001_public_4
1469,Charging_Point_LVGrid_97721_public_8
1470,Charging_Point_LVGrid_97255_public_10
1471,Charging_Point_LVGrid_99308_public_4
1472,Charging_Point_LVGrid_440123_public_1
1473,Charging_Point_LVGrid_97733_public_16
1474,Charging_Point_LVGrid_97254_public_4
1475,Charging_Point_LVGrid_97731_public_12
1476,Charging_Point_LVGrid_97721_public_9
1477,Charging_Point_LVGrid_97254_public_5
1479,Charging_Point_LVGrid_487647_public_3
1480,Charging_Point_LVGrid_97717_public_12
1481,Charging_Point_LVGrid_98951_public_11
1482,Charging_Point_LVGrid_487647_public_4
1483,Charging_Point_LVGrid_97101_public_5
1484,Charging_Point_LVGrid_97101_public_6
1486,Charging_Point_LVGrid_98713_public_7
1487,Charging_Point_LVGrid_97723_public_16
1488,Charging_Point_LVGrid_440123_public_2
1489,Charging_Point_LVGrid_97735_public_17
1491,Charging_Point_LVGrid_98713_public_8
1493,Charging_Point_LVGrid_98713_public_9
1494,Charging_Point_LVGrid_439483_public_3
1495,Charging_Point_LVGrid_98951_public_12
1497,Charging_Point_LVGrid_98713_public_10
1499,Charging_Point_LVGrid_506706_public_1
1500,Charging_Point_LVGrid_99001_public_5
1501,Charging_Point_LVGrid_99001_public_6
1502,Charging_Point_LVGrid_99001_public_7
1503,Charging_Point_LVGrid_99143_public_7
1505,Charging_Point_LVGrid_440345_public_3
1506,Charging_Point_LVGrid_439676_public_2
1508,Charging_Point_LVGrid_98951_public_13
1509,Charging_Point_LVGrid_98951_public_14
1510,Charging_Point_LVGrid_97851_public_10
1512,Charging_Point_LVGrid_97851_public_11
1514,Charging_Point_LVGrid_99309_public_6
1515,Charging_Point_LVGrid_502473_public_4
1516,Charging_Point_LVGrid_102249_public_8
1517,Charging_Point_LVGrid_102242_public_6
1518,Charging_Point_LVGrid_102249_public_9
1520,Charging_Point_LVGrid_103093_public_4
1521,Charging_Point_LVGrid_103093_public_5
1522,Charging_Point_LVGrid_102785_public_5
1524,Charging_Point_LVGrid_102242_public_7
1525,Charging_Point_LVGrid_102249_public_10
1526,Charging_Point_LVGrid_102249_public_11
1527,Charging_Point_LVGrid_103068_public_8
1528,Charging_Point_LVGrid_102248_public_9
1529,Charging_Point_LVGrid_102319_public_6
1530,Charging_Point_LVGrid_102243_public_3
1531,Charging_Point_LVGrid_102249_public_12
1532,Charging_Point_LVGrid_102250_public_5
1533,Charging_Point_LVGrid_506612_public_1
1537,Charging_Point_LVGrid_102319_public_7
1538,Charging_Point_LVGrid_102242_public_8
1541,Charging_Point_LVGrid_102248_public_10
1542,Charging_Point_LVGrid_102243_public_4
1543,Charging_Point_LVGrid_103093_public_6
1545,Charging_Point_LVGrid_102319_public_8
1546,Charging_Point_LVGrid_103093_public_7
1548,Charging_Point_LVGrid_506736_public_4
1550,Charging_Point_LVGrid_98280_public_10
1551,Charging_Point_LVGrid_98280_public_11
1552,Charging_Point_LVGrid_440438_public_9
1553,Charging_Point_LVGrid_98278_public_14
1554,Charging_Point_LVGrid_98279_public_14
1555,Charging_Point_LVGrid_98280_public_12
1556,Charging_Point_LVGrid_109131_public_5
1558,Charging_Point_LVGrid_98278_public_15
1559,Charging_Point_LVGrid_109684_public_4
1560,Charging_Point_LVGrid_97768_public_5
1562,Charging_Point_LVGrid_98549_public_1
1563,Charging_Point_LVGrid_109191_public_8
1564,Charging_Point_LVGrid_98548_public_1
1566,Charging_Point_LVGrid_102578_public_8
1567,Charging_Point_LVGrid_102579_public_5
1569,Charging_Point_LVGrid_102576_public_8
1570,Charging_Point_LVGrid_97976_public_5
1571,Charging_Point_LVGrid_102177_public_13
1573,Charging_Point_LVGrid_102576_public_9
1574,Charging_Point_LVGrid_440892_public_3
1575,Charging_Point_LVGrid_440892_public_4
1576,Charging_Point_LVGrid_102578_public_9
1577,Charging_Point_LVGrid_97976_public_6
1578,Charging_Point_LVGrid_102578_public_10
1580,Charging_Point_LVGrid_97976_public_7
1581,Charging_Point_LVGrid_99296_public_4
1582,Charging_Point_LVGrid_102175_public_1
1583,Charging_Point_LVGrid_102578_public_11
1586,Charging_Point_LVGrid_440493_public_10
1587,Charging_Point_LVGrid_440493_public_11
1588,Charging_Point_LVGrid_102177_public_14
1589,Charging_Point_LVGrid_102774_public_1
1590,Charging_Point_LVGrid_97239_public_3
1591,Charging_Point_LVGrid_102774_public_2
1593,Charging_Point_LVGrid_440892_public_5
1594,Charging_Point_LVGrid_441037_public_2
1595,Charging_Point_LVGrid_441037_public_3
1596,Charging_Point_LVGrid_102175_public_2
1597,Charging_Point_LVGrid_102579_public_6
1599,Charging_Point_LVGrid_102176_public_8
1601,Charging_Point_LVGrid_440526_public_2
1602,Charging_Point_LVGrid_440892_public_6
1603,Charging_Point_LVGrid_440493_public_12
1604,Charging_Point_LVGrid_440892_public_7
1605,Charging_Point_LVGrid_102708_public_1
1606,Charging_Point_LVGrid_102659_public_6
1607,Charging_Point_LVGrid_97239_public_4
1609,Charging_Point_LVGrid_440493_public_13
1610,Charging_Point_LVGrid_102708_public_2
1611,Charging_Point_LVGrid_102773_public_4
1612,Charging_Point_LVGrid_102708_public_3
1613,Charging_Point_LVGrid_97239_public_5
1614,Charging_Point_LVGrid_440892_public_8
1615,Charging_Point_LVGrid_440892_public_9
1617,Charging_Point_LVGrid_97976_public_8
1618,Charging_Point_LVGrid_102177_public_15
1619,Charging_Point_LVGrid_102775_public_1
1620,Charging_Point_LVGrid_97239_public_6
1621,Charging_Point_LVGrid_102773_public_5
1622,Charging_Point_LVGrid_102708_public_4
1623,Charging_Point_LVGrid_102708_public_5
1624,Charging_Point_LVGrid_102708_public_6
1625,Charging_Point_LVGrid_102577_public_10
1626,Charging_Point_LVGrid_102176_public_9
1627,Charging_Point_LVGrid_102578_public_12
1628,Charging_Point_LVGrid_102176_public_10
1630,Charging_Point_LVGrid_102708_public_7
1631,Charging_Point_LVGrid_102176_public_11
1633,Charging_Point_LVGrid_109037_work_10
1634,Charging_Point_LVGrid_109037_work_11
1635,Charging_Point_LVGrid_109037_work_12
1636,Charging_Point_LVGrid_109037_work_13
1637,Charging_Point_LVGrid_109037_work_14
1638,Charging_Point_LVGrid_109037_work_15
1640,Charging_Point_LVGrid_109037_work_16
1641,Charging_Point_LVGrid_109037_work_17
1642,Charging_Point_LVGrid_109037_work_18
1643,Charging_Point_LVGrid_109037_work_19
1644,Charging_Point_LVGrid_109037_work_20
1645,Charging_Point_LVGrid_109037_work_21
1646,Charging_Point_LVGrid_109037_work_22
1649,Charging_Point_LVGrid_97720_work_5
1650,Charging_Point_LVGrid_97720_work_6
1651,Charging_Point_LVGrid_97720_work_7
1652,Charging_Point_LVGrid_97720_work_8
1653,Charging_Point_LVGrid_97720_work_9
1654,Charging_Point_LVGrid_97720_work_10
1655,Charging_Point_LVGrid_97720_work_11
1656,Charging_Point_LVGrid_97720_work_12
1657,Charging_Point_LVGrid_97720_work_13
1658,Charging_Point_LVGrid_97720_work_14
1659,Charging_Point_LVGrid_97720_work_15
1663,Charging_Point_LVGrid_97720_work_16
1664,Charging_Point_LVGrid_97720_work_17
1665,Charging_Point_LVGrid_97717_work_13
1666,Charging_Point_LVGrid_97717_work_14
1667,Charging_Point_LVGrid_97717_work_15
1668,Charging_Point_LVGrid_97717_work_16
1669,Charging_Point_LVGrid_97717_work_17
1670,Charging_Point_LVGrid_97717_work_18
1673,Charging_Point_LVGrid_97717_work_19
1674,Charging_Point_LVGrid_97717_work_20
1676,Charging_Point_LVGrid_97717_work_21
1677,Charging_Point_LVGrid_97717_work_22
1678,Charging_Point_LVGrid_97717_work_23
1679,Charging_Point_LVGrid_97717_work_24
1680,Charging_Point_LVGrid_97717_work_25
1681,Charging_Point_LVGrid_97717_work_26
1682,Charging_Point_LVGrid_97717_work_27
1683,Charging_Point_LVGrid_97717_work_28
1684,Charging_Point_LVGrid_97724_work_5
1686,Charging_Point_LVGrid_97724_work_6
1687,Charging_Point_LVGrid_97724_work_7
1688,Charging_Point_LVGrid_97724_work_8
1689,Charging_Point_LVGrid_97724_work_9
1691,Charging_Point_LVGrid_97724_work_10
1692,Charging_Point_LVGrid_97724_work_11
1693,Charging_Point_LVGrid_97724_work_12
1694,Charging_Point_LVGrid_97724_work_13
1695,Charging_Point_LVGrid_97724_work_14
1696,Charging_Point_LVGrid_97724_work_15
1697,Charging_Point_LVGrid_97724_work_16
1698,Charging_Point_LVGrid_97724_work_17
1699,Charging_Point_LVGrid_97724_work_18
1700,Charging_Point_LVGrid_97724_work_19
1703,Charging_Point_LVGrid_97724_work_20
1704,Charging_Point_LVGrid_97724_work_21
1706,Charging_Point_LVGrid_97724_work_22
1707,Charging_Point_LVGrid_97724_work_23
1709,Charging_Point_LVGrid_97724_work_24
1710,Charging_Point_LVGrid_97724_work_25
1711,Charging_Point_LVGrid_97724_work_26
1712,Charging_Point_LVGrid_97724_work_27
1713,Charging_Point_LVGrid_97724_work_28
1715,Charging_Point_LVGrid_97724_work_29
1716,Charging_Point_LVGrid_97724_work_30
1717,Charging_Point_LVGrid_97724_work_31
1719,Charging_Point_LVGrid_97724_work_32
1720,Charging_Point_LVGrid_97724_work_33
1722,Charging_Point_LVGrid_97828_work_7
1727,Charging_Point_LVGrid_97828_work_8
1728,Charging_Point_LVGrid_97828_work_9
1729,Charging_Point_LVGrid_97828_work_10
1730,Charging_Point_LVGrid_97828_work_11
1731,Charging_Point_LVGrid_97828_work_12
1732,Charging_Point_LVGrid_97828_work_13
1733,Charging_Point_LVGrid_97828_work_14
1735,Charging_Point_LVGrid_97828_work_15
1736,Charging_Point_LVGrid_97828_work_16
1737,Charging_Point_LVGrid_97828_work_17
1740,Charging_Point_LVGrid_487647_work_5
1741,Charging_Point_LVGrid_487647_work_6
1742,Charging_Point_LVGrid_487647_work_7
1744,Charging_Point_LVGrid_487647_work_8
1745,Charging_Point_LVGrid_487647_work_9
1746,Charging_Point_LVGrid_487647_work_10
1747,Charging_Point_LVGrid_487647_work_11
1749,Charging_Point_LVGrid_487647_work_12
1750,Charging_Point_LVGrid_487647_work_13
1751,Charging_Point_LVGrid_487647_work_14
1752,Charging_Point_LVGrid_487647_work_15
1753,Charging_Point_LVGrid_487647_work_16
1754,Charging_Point_LVGrid_487647_work_17
1755,Charging_Point_LVGrid_487647_work_18
1756,Charging_Point_LVGrid_97828_work_18
1757,Charging_Point_LVGrid_97828_work_19
1758,Charging_Point_LVGrid_97828_work_20
1759,Charging_Point_LVGrid_97828_work_21
1761,Charging_Point_LVGrid_97828_work_22
1762,Charging_Point_LVGrid_97828_work_23
1763,Charging_Point_LVGrid_97828_work_24
1766,Charging_Point_LVGrid_97828_work_25
1767,Charging_Point_LVGrid_97828_work_26
1768,Charging_Point_LVGrid_97828_work_27
1769,Charging_Point_LVGrid_97828_work_28
1772,Charging_Point_LVGrid_97828_work_29
1774,Charging_Point_LVGrid_97828_work_30
1776,Charging_Point_LVGrid_97718_work_8
1777,Charging_Point_LVGrid_97718_work_9
1778,Charging_Point_LVGrid_97718_work_10
1779,Charging_Point_LVGrid_97718_work_11
1780,Charging_Point_LVGrid_97718_work_12
1783,Charging_Point_LVGrid_97718_work_13
1784,Charging_Point_LVGrid_97718_work_14
1785,Charging_Point_LVGrid_97718_work_15
1786,Charging_Point_LVGrid_97718_work_16
1787,Charging_Point_LVGrid_97718_work_17
1788,Charging_Point_LVGrid_97718_work_18
1790,Charging_Point_LVGrid_97718_work_19
1791,Charging_Point_LVGrid_97718_work_20
1792,Charging_Point_LVGrid_97718_work_21
1795,Charging_Point_LVGrid_97829_work_4
1796,Charging_Point_LVGrid_97829_work_5
1797,Charging_Point_LVGrid_97829_work_6
1798,Charging_Point_LVGrid_97829_work_7
1801,Charging_Point_LVGrid_97829_work_8
1802,Charging_Point_LVGrid_97829_work_9
1803,Charging_Point_LVGrid_97829_work_10
1804,Charging_Point_LVGrid_97829_work_11
1805,Charging_Point_LVGrid_97829_work_12
1806,Charging_Point_LVGrid_97829_work_13
1807,Charging_Point_LVGrid_97829_work_14
1809,Charging_Point_LVGrid_97829_work_15
1811,Charging_Point_LVGrid_97829_work_16
1812,Charging_Point_LVGrid_97829_work_17
1813,Charging_Point_LVGrid_97828_work_31
1815,Charging_Point_LVGrid_97828_work_32
1816,Charging_Point_LVGrid_97828_work_33
1822,Charging_Point_LVGrid_97828_work_34
1823,Charging_Point_LVGrid_97828_work_35
1824,Charging_Point_LVGrid_97828_work_36
1825,Charging_Point_LVGrid_97828_work_37
1827,Charging_Point_LVGrid_97828_work_38
1829,Charging_Point_LVGrid_97828_work_39
1831,Charging_Point_LVGrid_97717_work_29
1832,Charging_Point_LVGrid_97717_work_30
1833,Charging_Point_LVGrid_97717_work_31
1834,Charging_Point_LVGrid_97717_work_32
1835,Charging_Point_LVGrid_97717_work_33
1839,Charging_Point_LVGrid_97717_work_34
1840,Charging_Point_LVGrid_97717_work_35
1842,Charging_Point_LVGrid_97717_work_36
1846,Charging_Point_LVGrid_97717_work_37
1849,Charging_Point_LVGrid_506706_work_2
1850,Charging_Point_LVGrid_506706_work_3
1851,Charging_Point_LVGrid_506706_work_4
1852,Charging_Point_LVGrid_506706_work_5
1854,Charging_Point_LVGrid_506706_work_6
1855,Charging_Point_LVGrid_506706_work_7
1856,Charging_Point_LVGrid_506706_work_8
1857,Charging_Point_LVGrid_506706_work_9
1858,Charging_Point_LVGrid_506706_work_10
1859,Charging_Point_LVGrid_506706_work_11
1861,Charging_Point_LVGrid_506706_work_12
1862,Charging_Point_LVGrid_506706_work_13
1863,Charging_Point_LVGrid_506706_work_14
1864,Charging_Point_LVGrid_506706_work_15
1865,Charging_Point_LVGrid_97719_work_3
1866,Charging_Point_LVGrid_97719_work_4
1867,Charging_Point_LVGrid_97719_work_5
1872,Charging_Point_LVGrid_97719_work_6
1874,Charging_Point_LVGrid_97719_work_7
1876,Charging_Point_LVGrid_97719_work_8
1877,Charging_Point_LVGrid_97719_work_9
1878,Charging_Point_LVGrid_97719_work_10
1881,Charging_Point_LVGrid_97719_work_11
1882,Charging_Point_LVGrid_97719_work_12
1883,Charging_Point_LVGrid_97717_work_38
1884,Charging_Point_LVGrid_97717_work_39
1885,Charging_Point_LVGrid_97717_work_40
1886,Charging_Point_LVGrid_97717_work_41
1887,Charging_Point_LVGrid_97717_work_42
1890,Charging_Point_LVGrid_97717_work_43
1891,Charging_Point_LVGrid_97717_work_44
1892,Charging_Point_LVGrid_97717_work_45
1893,Charging_Point_LVGrid_97717_work_46
1894,Charging_Point_LVGrid_97717_work_47
1896,Charging_Point_LVGrid_97717_work_48
1898,Charging_Point_LVGrid_97717_work_49
1899,Charging_Point_LVGrid_97717_work_50
1900,Charging_Point_LVGrid_97727_work_8
1902,Charging_Point_LVGrid_97727_work_9
1904,Charging_Point_LVGrid_97727_work_10
1905,Charging_Point_LVGrid_97727_work_11
1906,Charging_Point_LVGrid_97727_work_12
1908,Charging_Point_LVGrid_97727_work_13
1909,Charging_Point_LVGrid_97727_work_14
1910,Charging_Point_LVGrid_97727_work_15
1911,Charging_Point_LVGrid_97727_work_16
1912,Charging_Point_LVGrid_97727_work_17
1913,Charging_Point_LVGrid_97727_work_18
1914,Charging_Point_LVGrid_97727_work_19
1916,Charging_Point_LVGrid_440366_work_1
1918,Charging_Point_LVGrid_440366_work_2
1919,Charging_Point_LVGrid_440366_work_3
1920,Charging_Point_LVGrid_440366_work_4
1926,Charging_Point_LVGrid_440366_work_5
1929,Charging_Point_LVGrid_440366_work_6
1930,Charging_Point_LVGrid_440366_work_7
1932,Charging_Point_LVGrid_440366_work_8
1934,Charging_Point_LVGrid_440366_work_9
1935,Charging_Point_LVGrid_440366_work_10
1938,Charging_Point_LVGrid_97829_work_18
1939,Charging_Point_LVGrid_97829_work_19
1940,Charging_Point_LVGrid_97829_work_20
1941,Charging_Point_LVGrid_97829_work_21
1942,Charging_Point_LVGrid_97829_work_22
1943,Charging_Point_LVGrid_97829_work_23
1944,Charging_Point_LVGrid_97829_work_24
1945,Charging_Point_LVGrid_97829_work_25
1946,Charging_Point_LVGrid_97829_work_26
1947,Charging_Point_LVGrid_97829_work_27
1948,Charging_Point_LVGrid_97829_work_28
1951,Charging_Point_LVGrid_97829_work_29
1952,Charging_Point_LVGrid_97829_work_30
1953,Charging_Point_LVGrid_97829_work_31
1956,Charging_Point_LVGrid_97719_work_13
1957,Charging_Point_LVGrid_97719_work_14
1960,Charging_Point_LVGrid_97719_work_15
1961,Charging_Point_LVGrid_97719_work_16
1962,Charging_Point_LVGrid_97719_work_17
1964,Charging_Point_LVGrid_97719_work_18
1966,Charging_Point_LVGrid_97719_work_19
1967,Charging_Point_LVGrid_97719_work_20
1968,Charging_Point_LVGrid_97719_work_21
1969,Charging_Point_LVGrid_97719_work_22
1972,Charging_Point_LVGrid_97719_work_23
1973,Charging_Point_LVGrid_97725_work_13
1975,Charging_Point_LVGrid_97725_work_14
1977,Charging_Point_LVGrid_97725_work_15
1978,Charging_Point_LVGrid_97725_work_16
1979,Charging_Point_LVGrid_97725_work_17
1980,Charging_Point_LVGrid_97725_work_18
1981,Charging_Point_LVGrid_97725_work_19
1982,Charging_Point_LVGrid_97725_work_20
1986,Charging_Point_LVGrid_97725_work_21
1987,Charging_Point_LVGrid_97725_work_22
1990,Charging_Point_LVGrid_97725_work_23
1991,Charging_Point_LVGrid_97719_work_24
1992,Charging_Point_LVGrid_97719_work_25
1993,Charging_Point_LVGrid_97719_work_26
1994,Charging_Point_LVGrid_97719_work_27
1996,Charging_Point_LVGrid_97719_work_28
1997,Charging_Point_LVGrid_97719_work_29
1999,Charging_Point_LVGrid_97719_work_30
2001,Charging_Point_LVGrid_97719_work_31
2002,Charging_Point_LVGrid_97719_work_32
2003,Charging_Point_LVGrid_97719_work_33
2006,Charging_Point_LVGrid_97719_work_34
2007,Charging_Point_LVGrid_504532_work_3
2008,Charging_Point_LVGrid_504532_work_4
2009,Charging_Point_LVGrid_504532_work_5
2011,Charging_Point_LVGrid_504532_work_6
2014,Charging_Point_LVGrid_504532_work_7
2015,Charging_Point_LVGrid_504532_work_8
2016,Charging_Point_LVGrid_504532_work_9
2017,Charging_Point_LVGrid_504532_work_10
2019,Charging_Point_LVGrid_504532_work_11
2021,Charging_Point_LVGrid_504532_work_12
2023,Charging_Point_LVGrid_504532_work_13
2024,Charging_Point_LVGrid_97723_work_17
2025,Charging_Point_LVGrid_97723_work_18
2027,Charging_Point_LVGrid_97723_work_19
2028,Charging_Point_LVGrid_97723_work_20
2031,Charging_Point_LVGrid_97723_work_21
2035,Charging_Point_LVGrid_97723_work_22
2036,Charging_Point_LVGrid_97723_work_23
2037,Charging_Point_LVGrid_97723_work_24
2038,Charging_Point_LVGrid_97723_work_25
2040,Charging_Point_LVGrid_97723_work_26
2041,Charging_Point_LVGrid_98951_work_15
2042,Charging_Point_LVGrid_98951_work_16
2043,Charging_Point_LVGrid_98951_work_17
2045,Charging_Point_LVGrid_98951_work_18
2046,Charging_Point_LVGrid_98951_work_19
2050,Charging_Point_LVGrid_98951_work_20
2052,Charging_Point_LVGrid_98951_work_21
2053,Charging_Point_LVGrid_98951_work_22
2057,Charging_Point_LVGrid_98951_work_23
2058,Charging_Point_LVGrid_98951_work_24
2059,Charging_Point_LVGrid_98951_work_25
2060,Charging_Point_LVGrid_97333_work_5
2063,Charging_Point_LVGrid_97333_work_6
2064,Charging_Point_LVGrid_97333_work_7
2066,Charging_Point_LVGrid_97333_work_8
2067,Charging_Point_LVGrid_97333_work_9
2068,Charging_Point_LVGrid_97333_work_10
2069,Charging_Point_LVGrid_97333_work_11
2070,Charging_Point_LVGrid_97333_work_12
2071,Charging_Point_LVGrid_97333_work_13
2072,Charging_Point_LVGrid_97333_work_14
2074,Charging_Point_LVGrid_97333_work_15
2075,Charging_Point_LVGrid_97333_work_16
2076,Charging_Point_LVGrid_97333_work_17
2078,Charging_Point_LVGrid_440136_work_1
2079,Charging_Point_LVGrid_440136_work_2
2080,Charging_Point_LVGrid_440136_work_3
2081,Charging_Point_LVGrid_440136_work_4
2083,Charging_Point_LVGrid_440136_work_5
2084,Charging_Point_LVGrid_440136_work_6
2085,Charging_Point_LVGrid_440136_work_7
2088,Charging_Point_LVGrid_440136_work_8
2089,Charging_Point_LVGrid_440136_work_9
2090,Charging_Point_LVGrid_440136_work_10
2092,Charging_Point_LVGrid_440136_work_11
2093,Charging_Point_LVGrid_440136_work_12
2094,Charging_Point_LVGrid_440136_work_13
2097,Charging_Point_LVGrid_97725_work_24
2099,Charging_Point_LVGrid_97725_work_25
2101,Charging_Point_LVGrid_97725_work_26
2104,Charging_Point_LVGrid_97725_work_27
2105,Charging_Point_LVGrid_97725_work_28
2107,Charging_Point_LVGrid_97725_work_29
2108,Charging_Point_LVGrid_97725_work_30
2112,Charging_Point_LVGrid_99296_work_5
2113,Charging_Point_LVGrid_99296_work_6
2117,Charging_Point_LVGrid_99296_work_7
2119,Charging_Point_LVGrid_99296_work_8
2120,Charging_Point_LVGrid_99296_work_9
2121,Charging_Point_LVGrid_99296_work_10
2122,Charging_Point_LVGrid_99296_work_11
2123,Charging_Point_LVGrid_99296_work_12
2124,Charging_Point_LVGrid_99296_work_13
2125,Charging_Point_LVGrid_99296_work_14
2126,Charging_Point_LVGrid_99296_work_15
2127,Charging_Point_LVGrid_99296_work_16
2128,Charging_Point_LVGrid_99296_work_17
2129,Charging_Point_LVGrid_97728_work_11
2131,Charging_Point_LVGrid_97728_work_12
2133,Charging_Point_LVGrid_97728_work_13
2134,Charging_Point_LVGrid_97728_work_14
2135,Charging_Point_LVGrid_97728_work_15
2136,Charging_Point_LVGrid_97728_work_16
2137,Charging_Point_LVGrid_97728_work_17
2138,Charging_Point_LVGrid_97728_work_18
2139,Charging_Point_LVGrid_97728_work_19
2140,Charging_Point_LVGrid_97728_work_20
2143,Charging_Point_LVGrid_97728_work_21
2144,Charging_Point_LVGrid_97728_work_22
2145,Charging_Point_LVGrid_97728_work_23
2146,Charging_Point_LVGrid_97728_work_24
2148,Charging_Point_LVGrid_502473_work_5
2149,Charging_Point_LVGrid_502473_work_6
2150,Charging_Point_LVGrid_502473_work_7
2151,Charging_Point_LVGrid_502473_work_8
2153,Charging_Point_LVGrid_502473_work_9
2154,Charging_Point_LVGrid_502473_work_10
2155,Charging_Point_LVGrid_502473_work_11
2156,Charging_Point_LVGrid_502473_work_12
2157,Charging_Point_LVGrid_502473_work_13
2158,Charging_Point_LVGrid_502473_work_14
2159,Charging_Point_LVGrid_502473_work_15
2160,Charging_Point_LVGrid_502473_work_16
2161,Charging_Point_LVGrid_502473_work_17
2162,Charging_Point_LVGrid_502473_work_18
2163,Charging_Point_LVGrid_502473_work_19
2164,Charging_Point_LVGrid_502473_work_20
2166,Charging_Point_LVGrid_502473_work_21
2167,Charging_Point_LVGrid_502473_work_22
2168,Charging_Point_LVGrid_502473_work_23
2169,Charging_Point_LVGrid_502473_work_24
2171,Charging_Point_LVGrid_502473_work_25
2172,Charging_Point_LVGrid_502473_work_26
2173,Charging_Point_LVGrid_502473_work_27
2175,Charging_Point_LVGrid_502473_work_28
2176,Charging_Point_LVGrid_502473_work_29
2177,Charging_Point_LVGrid_502473_work_30
2179,Charging_Point_LVGrid_502473_work_31
2180,Charging_Point_LVGrid_502473_work_32
2181,Charging_Point_LVGrid_502473_work_33
2182,Charging_Point_LVGrid_502473_work_34
2183,Charging_Point_LVGrid_98550_work_1
2184,Charging_Point_LVGrid_98550_work_2
2185,Charging_Point_LVGrid_98550_work_3
2187,Charging_Point_LVGrid_98550_work_4
2188,Charging_Point_LVGrid_98550_work_5
2190,Charging_Point_LVGrid_98550_work_6
2191,Charging_Point_LVGrid_98550_work_7
2193,Charging_Point_LVGrid_98550_work_8
2194,Charging_Point_LVGrid_98550_work_9
2195,Charging_Point_LVGrid_98550_work_10
2196,Charging_Point_LVGrid_98550_work_11
2197,Charging_Point_LVGrid_98550_work_12
2198,Charging_Point_LVGrid_98550_work_13
2199,Charging_Point_LVGrid_98550_work_14
2201,Charging_Point_LVGrid_98547_work_1
2202,Charging_Point_LVGrid_98547_work_2
2203,Charging_Point_LVGrid_98547_work_3
2204,Charging_Point_LVGrid_98547_work_4
2207,Charging_Point_LVGrid_98547_work_5
2208,Charging_Point_LVGrid_98547_work_6
2209,Charging_Point_LVGrid_98547_work_7
2210,Charging_Point_LVGrid_98547_work_8
2214,Charging_Point_LVGrid_98547_work_9
2215,Charging_Point_LVGrid_98547_work_10
2216,Charging_Point_LVGrid_98547_work_11
2217,Charging_Point_LVGrid_98277_work_4
2218,Charging_Point_LVGrid_98277_work_5
2219,Charging_Point_LVGrid_98277_work_6
2220,Charging_Point_LVGrid_98277_work_7
2222,Charging_Point_LVGrid_98277_work_8
2224,Charging_Point_LVGrid_98277_work_9
2225,Charging_Point_LVGrid_98277_work_10
2227,Charging_Point_LVGrid_98277_work_11
2228,Charging_Point_LVGrid_98277_work_12
2229,Charging_Point_LVGrid_98277_work_13
2230,Charging_Point_LVGrid_98277_work_14
2232,Charging_Point_LVGrid_98277_work_15
2233,Charging_Point_LVGrid_98277_work_16
2234,Charging_Point_LVGrid_98277_work_17
2236,Charging_Point_LVGrid_98278_work_16
2237,Charging_Point_LVGrid_98278_work_17
2240,Charging_Point_LVGrid_98278_work_18
2241,Charging_Point_LVGrid_98278_work_19
2242,Charging_Point_LVGrid_98278_work_20
2243,Charging_Point_LVGrid_98278_work_21
2244,Charging_Point_LVGrid_98278_work_22
2248,Charging_Point_LVGrid_98278_work_23
2249,Charging_Point_LVGrid_98278_work_24
2253,Charging_Point_LVGrid_109684_work_5
2254,Charging_Point_LVGrid_109684_work_6
2258,Charging_Point_LVGrid_109684_work_7
2260,Charging_Point_LVGrid_109684_work_8
2261,Charging_Point_LVGrid_109684_work_9
2262,Charging_Point_LVGrid_109684_work_10
2264,Charging_Point_LVGrid_109684_work_11
2265,Charging_Point_LVGrid_109684_work_12
2266,Charging_Point_LVGrid_109684_work_13
2269,Charging_Point_LVGrid_109684_work_14
2270,Charging_Point_LVGrid_109684_work_15
2271,Charging_Point_LVGrid_102175_work_3
2272,Charging_Point_LVGrid_102175_work_4
2273,Charging_Point_LVGrid_102175_work_5
2274,Charging_Point_LVGrid_102175_work_6
2275,Charging_Point_LVGrid_102175_work_7
2276,Charging_Point_LVGrid_102175_work_8
2277,Charging_Point_LVGrid_102175_work_9
2278,Charging_Point_LVGrid_102175_work_10
2281,Charging_Point_LVGrid_102175_work_11
2282,Charging_Point_LVGrid_102175_work_12
2283,Charging_Point_LVGrid_102175_work_13
2285,Charging_Point_LVGrid_102175_work_14
2286,Charging_Point_LVGrid_102175_work_15
2287,Charging_Point_LVGrid_102175_work_16
2288,Charging_Point_LVGrid_102175_work_17
2289,Charging_Point_LVGrid_102175_work_18
2291,Charging_Point_LVGrid_99296_work_18
2292,Charging_Point_LVGrid_99296_work_19
2294,Charging_Point_LVGrid_99296_work_20
2295,Charging_Point_LVGrid_99296_work_21
2297,Charging_Point_LVGrid_99296_work_22
2299,Charging_Point_LVGrid_99296_work_23
2300,Charging_Point_LVGrid_99296_work_24
2301,Charging_Point_LVGrid_99296_work_25
2302,Charging_Point_LVGrid_99296_work_26
2303,Charging_Point_LVGrid_99296_work_27
2304,Charging_Point_LVGrid_99296_work_28
2305,Charging_Point_LVGrid_99296_work_29
